timestamp_real,tiempo_s,gsr_uS,ecg_V,airflow_raw
2026-04-05 23:14:06.104,0.020,-1.0000,0.405670,131
2026-04-05 23:14:06.109,0.040,-1.0000,0.312805,107
2026-04-05 23:14:06.110,0.060,-1.0000,0.224829,83
2026-04-05 23:14:06.110,0.080,-1.0000,0.146628,61
2026-04-05 23:14:06.112,0.100,-1.0000,0.141740,55
2026-04-05 23:14:06.112,0.120,-1.0000,0.161290,57
2026-04-05 23:14:06.113,0.140,-1.0000,0.166178,56
2026-04-05 23:14:06.114,0.160,-1.0000,0.141740,47
2026-04-05 23:14:06.115,0.180,-1.0000,0.102639,38
2026-04-05 23:14:06.117,0.200,-1.0000,0.112414,40
2026-04-05 23:14:06.117,0.220,-1.0000,0.136852,43
2026-04-05 23:14:06.119,0.240,-1.0000,0.151515,48
2026-04-05 23:14:06.119,0.260,-1.0000,0.131965,43
2026-04-05 23:14:06.121,0.280,-1.0000,0.092864,33
2026-04-05 23:14:06.121,0.300,-1.0000,0.107527,36
2026-04-05 23:14:06.121,0.320,-1.0000,0.131965,43
2026-04-05 23:14:06.123,0.340,-1.0000,0.151515,48
2026-04-05 23:14:06.123,0.360,-1.0000,0.122190,42
2026-04-05 23:14:06.123,0.380,-1.0000,0.092864,34
2026-04-05 23:14:06.123,0.400,-1.0000,0.107527,36
2026-04-05 23:14:06.125,0.420,-1.0000,0.136852,43
2026-04-05 23:14:06.126,0.440,-1.0000,0.141740,43
2026-04-05 23:14:06.127,0.460,-1.0000,0.122190,38
2026-04-05 23:14:06.127,0.480,-1.0000,0.097752,32
2026-04-05 23:14:06.128,0.500,-1.0000,0.107527,36
2026-04-05 23:14:06.128,0.520,-1.0000,0.127077,41
2026-04-05 23:14:06.128,0.540,-1.0000,0.136852,43
2026-04-05 23:14:06.130,0.560,-1.0000,0.122190,38
2026-04-05 23:14:06.130,0.580,-1.0000,0.087977,32
2026-04-05 23:14:06.152,0.600,-1.0000,0.102639,36
2026-04-05 23:14:06.173,0.620,-1.0000,0.136852,42
2026-04-05 23:14:06.195,0.640,-1.0000,0.141740,43
2026-04-05 23:14:06.202,0.660,-1.0000,0.117302,37
2026-04-05 23:14:06.233,0.680,-1.0000,0.092864,32
2026-04-05 23:14:06.242,0.700,-1.0000,0.102639,35
2026-04-05 23:14:06.263,0.720,-1.0000,0.136852,42
2026-04-05 23:14:06.286,0.740,-1.0000,0.131965,42
2026-04-05 23:14:06.306,0.760,-1.0000,0.112414,36
2026-04-05 23:14:06.330,0.780,-1.0000,0.097752,32
2026-04-05 23:14:06.351,0.800,-1.0000,0.112414,36
2026-04-05 23:14:06.366,0.820,-1.0000,0.131965,42
2026-04-05 23:14:06.380,0.840,-1.0000,0.136852,43
2026-04-05 23:14:06.428,0.860,-1.0000,0.117302,37
2026-04-05 23:14:06.436,0.880,-1.0000,0.092864,33
2026-04-05 23:14:06.450,0.900,-1.0000,0.107527,35
2026-04-05 23:14:06.468,0.920,-1.0000,0.122190,41
2026-04-05 23:14:06.487,0.940,-1.0000,0.127077,40
2026-04-05 23:14:06.501,0.960,-1.0000,0.117302,40
2026-04-05 23:14:06.518,0.980,-1.0000,0.102639,35
2026-04-05 23:14:06.552,1.000,-1.0000,0.107527,36
2026-04-05 23:14:06.574,1.020,-1.0000,0.127077,40
2026-04-05 23:14:06.597,1.040,-1.0000,0.122190,40
2026-04-05 23:14:06.615,1.060,-1.0000,0.112414,37
2026-04-05 23:14:06.637,1.080,-1.0000,0.122190,39
2026-04-05 23:14:06.658,1.100,-1.0000,0.117302,38
2026-04-05 23:14:06.661,1.120,-1.0000,0.107527,36
2026-04-05 23:14:06.682,1.140,-1.0000,0.107527,34
2026-04-05 23:14:06.708,1.160,-1.0000,0.122190,37
2026-04-05 23:14:06.728,1.180,-1.0000,0.122190,38
2026-04-05 23:14:06.750,1.200,-1.0000,0.112414,36
2026-04-05 23:14:06.765,1.220,-1.0000,0.102639,34
2026-04-05 23:14:06.785,1.240,-1.0000,0.107527,36
2026-04-05 23:14:06.802,1.260,-1.0000,0.117302,38
2026-04-05 23:14:06.821,1.280,-1.0000,0.112414,38
2026-04-05 23:14:06.852,1.300,-1.0000,0.107527,36
2026-04-05 23:14:06.872,1.320,-1.0000,0.107527,35
2026-04-05 23:14:06.891,1.340,-1.0000,0.117302,35
2026-04-05 23:14:06.908,1.360,-1.0000,0.117302,39
2026-04-05 23:14:06.928,1.380,-1.0000,0.117302,38
2026-04-05 23:14:06.945,1.400,-1.0000,0.117302,37
2026-04-05 23:14:06.960,1.420,-1.0000,0.107527,35
2026-04-05 23:14:06.989,1.440,-1.0000,0.107527,37
2026-04-05 23:14:07.011,1.460,-1.0000,0.117302,37
2026-04-05 23:14:07.030,1.480,-1.0000,0.117302,37
2026-04-05 23:14:07.052,1.500,-1.0000,0.102639,36
2026-04-05 23:14:07.068,1.520,-1.0000,0.102639,35
2026-04-05 23:14:07.084,1.540,-1.0000,0.107527,36
2026-04-05 23:14:07.095,1.560,-1.0000,0.117302,38
2026-04-05 23:14:07.138,1.580,-1.0000,0.122190,37
2026-04-05 23:14:07.152,1.600,-1.0000,0.112414,36
2026-04-05 23:14:07.173,1.620,-1.0000,0.112414,38
2026-04-05 23:14:07.192,1.640,-1.0000,0.117302,37
2026-04-05 23:14:07.212,1.660,-1.0000,0.112414,36
2026-04-05 23:14:07.230,1.680,-1.0000,0.102639,34
2026-04-05 23:14:07.242,1.700,-1.0000,0.107527,35
2026-04-05 23:14:07.260,1.720,-1.0000,0.102639,34
2026-04-05 23:14:07.300,1.740,-1.0000,0.112414,36
2026-04-05 23:14:07.303,1.760,-1.0000,0.117302,37
2026-04-05 23:14:07.336,1.780,-1.0000,0.107527,36
2026-04-05 23:14:07.350,1.800,-1.0000,0.107527,36
2026-04-05 23:14:07.371,1.820,-1.0000,0.112414,36
2026-04-05 23:14:07.381,1.840,-1.0000,0.112414,37
2026-04-05 23:14:07.400,1.860,-1.0000,0.112414,35
2026-04-05 23:14:07.440,1.880,-1.0000,0.107527,35
2026-04-05 23:14:07.442,1.900,-1.0000,0.112414,35
2026-04-05 23:14:07.468,1.920,-1.0000,0.112414,37
2026-04-05 23:14:07.492,1.940,-1.0000,0.112414,37
2026-04-05 23:14:07.503,1.960,-1.0000,0.112414,36
2026-04-05 23:14:07.521,1.980,-1.0000,0.112414,34
2026-04-05 23:14:07.570,2.000,-1.0000,0.107527,35
2026-04-05 23:14:07.575,2.020,-1.0000,0.112414,36
2026-04-05 23:14:07.592,2.040,-1.0000,0.112414,37
2026-04-05 23:14:07.608,2.060,-1.0000,0.092864,35
2026-04-05 23:14:07.636,2.080,-1.0000,0.112414,39
2026-04-05 23:14:07.642,2.100,-1.0000,0.112414,37
2026-04-05 23:14:07.660,2.120,-1.0000,0.117302,38
2026-04-05 23:14:07.695,2.140,-1.0000,0.117302,38
2026-04-05 23:14:07.707,2.160,-1.0000,0.112414,38
2026-04-05 23:14:07.732,2.180,-1.0000,0.117302,37
2026-04-05 23:14:07.749,2.200,-1.0000,0.117302,37
2026-04-05 23:14:07.763,2.220,-1.0000,0.117302,38
2026-04-05 23:14:07.781,2.240,-1.0000,0.117302,40
2026-04-05 23:14:07.818,2.260,-1.0000,0.117302,39
2026-04-05 23:14:07.830,2.280,-1.0000,0.112414,37
2026-04-05 23:14:07.858,2.300,-1.0000,0.102639,36
2026-04-05 23:14:07.876,2.320,-1.0000,0.112414,37
2026-04-05 23:14:07.889,2.340,-1.0000,0.117302,37
2026-04-05 23:14:07.903,2.360,-1.0000,0.112414,35
2026-04-05 23:14:07.934,2.380,-1.0000,0.117302,37
2026-04-05 23:14:07.958,2.400,-1.0000,0.117302,37
2026-04-05 23:14:07.984,2.420,-1.0000,0.117302,38
2026-04-05 23:14:07.989,2.440,-1.0000,0.122190,37
2026-04-05 23:14:08.013,2.460,-1.0000,0.112414,36
2026-04-05 23:14:08.024,2.480,-1.0000,0.112414,36
2026-04-05 23:14:08.043,2.500,-1.0000,0.117302,37
2026-04-05 23:14:08.095,2.520,-1.0000,0.117302,38
2026-04-05 23:14:08.096,2.540,-1.0000,0.127077,39
2026-04-05 23:14:08.112,2.560,-1.0000,0.117302,35
2026-04-05 23:14:08.128,2.580,-1.0000,0.112414,36
2026-04-05 23:14:08.144,2.600,-1.0000,0.117302,38
2026-04-05 23:14:08.167,2.620,-1.0000,0.127077,39
2026-04-05 23:14:08.182,2.640,-1.0000,0.122190,37
2026-04-05 23:14:08.217,2.660,-1.0000,0.097752,34
2026-04-05 23:14:08.228,2.680,-1.0000,0.112414,35
2026-04-05 23:14:08.245,2.700,-1.0000,0.117302,37
2026-04-05 23:14:08.272,2.720,-1.0000,0.127077,39
2026-04-05 23:14:08.289,2.740,-1.0000,0.117302,39
2026-04-05 23:14:08.302,2.760,-1.0000,0.102639,35
2026-04-05 23:14:08.311,2.780,-1.0000,0.107527,35
2026-04-05 23:14:08.358,2.800,-1.0000,0.117302,37
2026-04-05 23:14:08.374,2.820,-1.0000,0.122190,38
2026-04-05 23:14:08.390,2.840,-1.0000,0.122190,38
2026-04-05 23:14:08.405,2.860,-1.0000,0.107527,35
2026-04-05 23:14:08.423,2.880,-1.0000,0.107527,35
2026-04-05 23:14:08.442,2.900,-1.0000,0.117302,38
2026-04-05 23:14:08.489,2.920,-1.0000,0.122190,39
2026-04-05 23:14:08.491,2.940,-1.0000,0.122190,38
2026-04-05 23:14:08.508,2.960,-1.0000,0.102639,35
2026-04-05 23:14:08.537,2.980,-1.0000,0.097752,32
2026-04-05 23:14:08.553,3.000,-1.0000,0.117302,39
2026-04-05 23:14:08.565,3.020,-1.0000,0.127077,41
2026-04-05 23:14:08.582,3.040,-1.0000,0.117302,39
2026-04-05 23:14:08.608,3.060,-1.0000,0.102639,35
2026-04-05 23:14:08.626,3.080,-1.0000,0.107527,36
2026-04-05 23:14:08.658,3.100,-1.0000,0.122190,39
2026-04-05 23:14:08.679,3.120,-1.0000,0.127077,40
2026-04-05 23:14:08.692,3.140,-1.0000,0.127077,39
2026-04-05 23:14:08.702,3.160,-1.0000,0.092864,35
2026-04-05 23:14:08.720,3.180,-1.0000,0.112414,37
2026-04-05 23:14:08.755,3.200,-1.0000,0.117302,38
2026-04-05 23:14:08.763,3.220,-1.0000,0.127077,39
2026-04-05 23:14:08.795,3.240,-1.0000,0.117302,37
2026-04-05 23:14:08.816,3.260,-1.0000,0.102639,35
2026-04-05 23:14:08.832,3.280,-1.0000,0.112414,37
2026-04-05 23:14:08.842,3.300,-1.0000,0.112414,37
2026-04-05 23:14:08.863,3.320,-1.0000,0.117302,37
2026-04-05 23:14:08.902,3.340,-1.0000,0.112414,37
2026-04-05 23:14:08.905,3.360,-1.0000,0.112414,36
2026-04-05 23:14:08.934,3.380,-1.0000,0.112414,36
2026-04-05 23:14:08.953,3.400,-1.0000,0.122190,37
2026-04-05 23:14:08.970,3.420,-1.0000,0.122190,38
2026-04-05 23:14:08.984,3.440,-1.0000,0.122190,39
2026-04-05 23:14:08.999,3.460,-1.0000,0.107527,37
2026-04-05 23:14:09.039,3.480,-1.0000,0.112414,36
2026-04-05 23:14:09.058,3.500,-1.0000,0.102639,35
2026-04-05 23:14:09.071,3.520,-1.0000,0.112414,37
2026-04-05 23:14:09.092,3.540,-1.0000,0.122190,39
2026-04-05 23:14:09.105,3.560,-1.0000,0.112414,37
2026-04-05 23:14:09.124,3.580,-1.0000,0.117302,37
2026-04-05 23:14:09.158,3.600,-1.0000,0.112414,37
2026-04-05 23:14:09.182,3.620,-1.0000,0.127077,39
2026-04-05 23:14:09.184,3.640,-1.0000,0.122190,37
2026-04-05 23:14:09.214,3.660,-1.0000,0.107527,37
2026-04-05 23:14:09.233,3.680,-1.0000,0.112414,37
2026-04-05 23:14:09.250,3.700,-1.0000,0.122190,38
2026-04-05 23:14:09.263,3.720,-1.0000,0.122190,39
2026-04-05 23:14:09.300,3.740,-1.0000,0.117302,38
2026-04-05 23:14:09.321,3.760,-1.0000,0.107527,36
2026-04-05 23:14:09.335,3.780,-1.0000,0.117302,37
2026-04-05 23:14:09.355,3.800,-1.0000,0.117302,35
2026-04-05 23:14:09.374,3.820,-1.0000,0.127077,41
2026-04-05 23:14:09.391,3.840,-1.0000,0.122190,39
2026-04-05 23:14:09.404,3.860,-1.0000,0.107527,36
2026-04-05 23:14:09.442,3.880,-1.0000,0.117302,37
2026-04-05 23:14:09.467,3.900,-1.0000,0.117302,37
2026-04-05 23:14:09.468,3.920,-1.0000,0.122190,39
2026-04-05 23:14:09.502,3.940,-1.0000,0.112414,37
2026-04-05 23:14:09.508,3.960,-1.0000,0.102639,35
2026-04-05 23:14:09.526,3.980,-1.0000,0.117302,37
2026-04-05 23:14:09.542,4.000,-1.0000,0.127077,40
2026-04-05 23:14:09.561,4.020,-1.0000,0.122190,39
2026-04-05 23:14:09.605,4.040,-1.0000,0.107527,36
2026-04-05 23:14:09.608,4.060,-1.0000,0.102639,35
2026-04-05 23:14:09.633,4.080,-1.0000,0.112414,36
2026-04-05 23:14:09.660,4.100,-1.0000,0.117302,39
2026-04-05 23:14:09.664,4.120,-1.0000,0.122190,39
2026-04-05 23:14:09.680,4.140,-1.0000,0.112414,37
2026-04-05 23:14:09.725,4.160,-1.0000,0.107527,36
2026-04-05 23:14:09.725,4.180,-1.0000,0.112414,36
2026-04-05 23:14:09.752,4.200,-1.0000,0.122190,39
2026-04-05 23:14:09.780,4.220,-1.0000,0.122190,39
2026-04-05 23:14:09.782,4.240,-1.0000,0.102639,36
2026-04-05 23:14:09.803,4.260,-1.0000,0.107527,36
2026-04-05 23:14:09.842,4.280,-1.0000,0.112414,37
2026-04-05 23:14:09.845,4.300,-1.0000,0.117302,39
2026-04-05 23:14:09.872,4.320,-1.0000,0.117302,38
2026-04-05 23:14:09.886,4.340,-1.0000,0.107527,36
2026-04-05 23:14:09.904,4.360,-1.0000,0.107527,36
2026-04-05 23:14:09.922,4.380,-1.0000,0.112414,37
2026-04-05 23:14:09.942,4.400,-1.0000,0.122190,38
2026-04-05 23:14:09.976,4.420,-1.0000,0.122190,38
2026-04-05 23:14:10.002,4.440,-1.0000,0.112414,36
2026-04-05 23:14:10.006,4.460,-1.0000,0.107527,35
2026-04-05 23:14:10.036,4.480,-1.0000,0.107527,35
2026-04-05 23:14:10.045,4.500,-1.0000,0.127077,38
2026-04-05 23:14:10.065,4.520,-1.0000,0.122190,38
2026-04-05 23:14:10.098,4.540,-1.0000,0.107527,35
2026-04-05 23:14:10.107,4.560,-1.0000,0.107527,36
2026-04-05 23:14:10.134,4.580,-1.0000,0.112414,36
2026-04-05 23:14:10.165,4.600,-1.0000,0.122190,39
2026-04-05 23:14:10.171,4.620,-1.0000,0.112414,37
2026-04-05 23:14:10.183,4.640,-1.0000,0.107527,36
2026-04-05 23:14:10.208,4.660,-1.0000,0.107527,35
2026-04-05 23:14:10.241,4.680,-1.0000,0.117302,37
2026-04-05 23:14:10.256,4.700,-1.0000,0.122190,38
2026-04-05 23:14:10.268,4.720,-1.0000,0.112414,38
2026-04-05 23:14:10.295,4.740,-1.0000,0.112414,37
2026-04-05 23:14:10.304,4.760,-1.0000,0.112414,36
2026-04-05 23:14:10.320,4.780,-1.0000,0.112414,37
2026-04-05 23:14:10.363,4.800,-1.0000,0.122190,39
2026-04-05 23:14:10.380,4.820,-1.0000,0.122190,37
2026-04-05 23:14:10.392,4.840,-1.0000,0.107527,35
2026-04-05 23:14:10.420,4.860,-1.0000,0.107527,36
2026-04-05 23:14:10.427,4.880,-1.0000,0.117302,35
2026-04-05 23:14:10.443,4.900,-1.0000,0.122190,39
2026-04-05 23:14:10.472,4.920,-1.0000,0.117302,37
2026-04-05 23:14:10.484,4.940,-1.0000,0.102639,35
2026-04-05 23:14:10.506,4.960,-1.0000,0.102639,35
2026-04-05 23:14:10.541,4.980,-1.0000,0.117302,35
2026-04-05 23:14:10.545,5.000,-1.0000,0.122190,38
2026-04-05 23:14:10.565,5.020,-1.0000,0.122190,39
2026-04-05 23:14:10.608,5.040,-1.0000,0.102639,34
2026-04-05 23:14:10.608,5.060,-1.0000,0.107527,36
2026-04-05 23:14:10.634,5.080,-1.0000,0.117302,35
2026-04-05 23:14:10.661,5.100,-1.0000,0.117302,39
2026-04-05 23:14:10.665,5.120,-1.0000,0.117302,38
2026-04-05 23:14:10.684,5.140,-1.0000,0.102639,34
2026-04-05 23:14:10.730,5.160,-1.0000,0.107527,36
2026-04-05 23:14:10.732,5.180,-1.0000,0.156403,47
2026-04-05 23:14:10.759,5.200,-1.0000,0.156403,48
2026-04-05 23:14:10.783,5.220,-1.0000,0.136852,44
2026-04-05 23:14:10.787,5.240,-1.0000,0.117302,40
2026-04-05 23:14:10.802,5.260,-1.0000,0.117302,40
2026-04-05 23:14:10.847,5.280,-1.0000,0.141740,46
2026-04-05 23:14:10.847,5.300,-1.0000,0.146628,46
2026-04-05 23:14:10.872,5.320,-1.0000,0.131965,43
2026-04-05 23:14:10.896,5.340,-1.0000,0.107527,38
2026-04-05 23:14:10.903,5.360,-1.0000,0.122190,40
2026-04-05 23:14:10.921,5.380,-1.0000,0.136852,44
2026-04-05 23:14:10.955,5.400,-1.0000,0.146628,45
2026-04-05 23:14:10.974,5.420,-1.0000,0.131965,43
2026-04-05 23:14:11.004,5.440,-1.0000,0.112414,38
2026-04-05 23:14:11.008,5.460,-1.0000,0.127077,39
2026-04-05 23:14:11.024,5.480,-1.0000,0.146628,45
2026-04-05 23:14:11.066,5.500,-1.0000,0.146628,46
2026-04-05 23:14:11.067,5.520,-1.0000,0.131965,43
2026-04-05 23:14:11.091,5.540,-1.0000,0.112414,38
2026-04-05 23:14:11.114,5.560,-1.0000,0.122190,42
2026-04-05 23:14:11.126,5.580,-1.0000,0.141740,46
2026-04-05 23:14:11.164,5.600,-1.0000,0.146628,45
2026-04-05 23:14:11.172,5.620,-1.0000,0.131965,41
2026-04-05 23:14:11.196,5.640,-1.0000,0.112414,39
2026-04-05 23:14:11.220,5.660,-1.0000,0.127077,40
2026-04-05 23:14:11.228,5.680,-1.0000,0.141740,45
2026-04-05 23:14:11.245,5.700,-1.0000,0.141740,44
2026-04-05 23:14:11.272,5.720,-1.0000,0.131965,42
2026-04-05 23:14:11.295,5.740,-1.0000,0.112414,38
2026-04-05 23:14:11.317,5.760,-1.0000,0.122190,40
2026-04-05 23:14:11.325,5.780,-1.0000,0.141740,46
2026-04-05 23:14:11.344,5.800,-1.0000,0.146628,46
2026-04-05 23:14:11.374,5.820,-1.0000,0.127077,43
2026-04-05 23:14:11.396,5.840,-1.0000,0.112414,39
2026-04-05 23:14:11.420,5.860,-1.0000,0.122190,40
2026-04-05 23:14:11.428,5.880,-1.0000,0.146628,46
2026-04-05 23:14:11.447,5.900,-1.0000,0.141740,44
2026-04-05 23:14:11.475,5.920,-1.0000,0.122190,40
2026-04-05 23:14:11.496,5.940,-1.0000,0.112414,38
2026-04-05 23:14:11.518,5.960,-1.0000,0.122190,41
2026-04-05 23:14:11.522,5.980,-1.0000,0.146628,45
2026-04-05 23:14:11.545,6.000,-1.0000,0.146628,45
2026-04-05 23:14:11.586,6.020,-1.0000,0.131965,43
2026-04-05 23:14:11.589,6.040,-1.0000,0.107527,38
2026-04-05 23:14:11.608,6.060,-1.0000,0.136852,40
2026-04-05 23:14:11.628,6.080,-1.0000,0.146628,46
2026-04-05 23:14:11.646,6.100,-1.0000,0.131965,45
2026-04-05 23:14:11.664,6.120,-1.0000,0.131965,41
2026-04-05 23:14:11.695,6.140,-1.0000,0.112414,38
2026-04-05 23:14:11.723,6.160,-1.0000,0.127077,41
2026-04-05 23:14:11.725,6.180,-1.0000,0.146628,46
2026-04-05 23:14:11.745,6.200,-1.0000,0.141740,45
2026-04-05 23:14:11.763,6.220,-1.0000,0.122190,40
2026-04-05 23:14:11.802,6.240,-1.0000,0.112414,39
2026-04-05 23:14:11.811,6.260,-1.0000,0.127077,41
2026-04-05 23:14:11.833,6.280,-1.0000,0.151515,46
2026-04-05 23:14:11.852,6.300,-1.0000,0.141740,45
2026-04-05 23:14:11.864,6.320,-1.0000,0.136852,42
2026-04-05 23:14:11.882,6.340,-1.0000,0.107527,38
2026-04-05 23:14:11.913,6.360,-1.0000,0.127077,39
2026-04-05 23:14:11.945,6.380,-1.0000,0.141740,46
2026-04-05 23:14:11.945,6.400,-1.0000,0.146628,45
2026-04-05 23:14:11.963,6.420,-1.0000,0.127077,41
2026-04-05 23:14:11.983,6.440,-1.0000,0.117302,39
2026-04-05 23:14:12.003,6.460,-1.0000,0.131965,41
2026-04-05 23:14:12.035,6.480,-1.0000,0.151515,46
2026-04-05 23:14:12.058,6.500,-1.0000,0.136852,45
2026-04-05 23:14:12.078,6.520,-1.0000,0.122190,40
2026-04-05 23:14:12.089,6.540,-1.0000,0.117302,38
2026-04-05 23:14:12.106,6.560,-1.0000,0.122190,42
2026-04-05 23:14:12.141,6.580,-1.0000,0.146628,46
2026-04-05 23:14:12.148,6.600,-1.0000,0.141740,46
2026-04-05 23:14:12.169,6.620,-1.0000,0.131965,41
2026-04-05 23:14:12.192,6.640,-1.0000,0.117302,39
2026-04-05 23:14:12.204,6.660,-1.0000,0.127077,41
2026-04-05 23:14:12.219,6.680,-1.0000,0.156403,47
2026-04-05 23:14:12.255,6.700,-1.0000,0.136852,45
2026-04-05 23:14:12.276,6.720,-1.0000,0.117302,40
2026-04-05 23:14:12.302,6.740,-1.0000,0.117302,40
2026-04-05 23:14:12.308,6.760,-1.0000,0.122190,41
2026-04-05 23:14:12.326,6.780,-1.0000,0.146628,46
2026-04-05 23:14:12.371,6.800,-1.0000,0.136852,44
2026-04-05 23:14:12.374,6.820,-1.0000,0.117302,39
2026-04-05 23:14:12.401,6.840,-1.0000,0.102639,38
2026-04-05 23:14:12.428,6.860,-1.0000,0.127077,42
2026-04-05 23:14:12.430,6.880,-1.0000,0.146628,46
2026-04-05 23:14:12.445,6.900,-1.0000,0.141740,44
2026-04-05 23:14:12.488,6.920,-1.0000,0.117302,40
2026-04-05 23:14:12.488,6.940,-1.0000,0.117302,40
2026-04-05 23:14:12.511,6.960,-1.0000,0.127077,41
2026-04-05 23:14:12.534,6.980,-1.0000,0.161290,47
2026-04-05 23:14:12.545,7.000,-1.0000,0.141740,46
2026-04-05 23:14:12.580,7.020,-1.0000,0.117302,40
2026-04-05 23:14:12.589,7.040,-1.0000,0.117302,38
2026-04-05 23:14:12.610,7.060,-1.0000,0.131965,42
2026-04-05 23:14:12.632,7.080,-1.0000,0.141740,46
2026-04-05 23:14:12.645,7.100,-1.0000,0.136852,44
2026-04-05 23:14:12.665,7.120,-1.0000,0.117302,39
2026-04-05 23:14:12.698,7.140,-1.0000,0.112414,40
2026-04-05 23:14:12.720,7.160,-1.0000,0.131965,44
2026-04-05 23:14:12.745,7.180,-1.0000,0.146628,46
2026-04-05 23:14:12.747,7.200,-1.0000,0.131965,44
2026-04-05 23:14:12.766,7.220,-1.0000,0.117302,39
2026-04-05 23:14:12.810,7.240,-1.0000,0.117302,40
2026-04-05 23:14:12.828,7.260,-1.0000,0.127077,42
2026-04-05 23:14:12.833,7.280,-1.0000,0.146628,48
2026-04-05 23:14:12.853,7.300,-1.0000,0.136852,46
2026-04-05 23:14:12.861,7.320,-1.0000,0.112414,38
2026-04-05 23:14:12.884,7.340,-1.0000,0.117302,39
2026-04-05 23:14:12.906,7.360,-1.0000,0.131965,43
2026-04-05 23:14:12.926,7.380,-1.0000,0.146628,46
2026-04-05 23:14:12.949,7.400,-1.0000,0.122190,43
2026-04-05 23:14:12.967,7.420,-1.0000,0.112414,39
2026-04-05 23:14:13.004,7.440,-1.0000,0.117302,40
2026-04-05 23:14:13.008,7.460,-1.0000,0.136852,44
2026-04-05 23:14:13.020,7.480,-1.0000,0.141740,46
2026-04-05 23:14:13.048,7.500,-1.0000,0.127077,43
2026-04-05 23:14:13.066,7.520,-1.0000,0.117302,38
2026-04-05 23:14:13.103,7.540,-1.0000,0.122190,41
2026-04-05 23:14:13.105,7.560,-1.0000,0.136852,43
2026-04-05 23:14:13.118,7.580,-1.0000,0.141740,46
2026-04-05 23:14:13.158,7.600,-1.0000,0.127077,42
2026-04-05 23:14:13.178,7.620,-1.0000,0.117302,39
2026-04-05 23:14:13.195,7.640,-1.0000,0.122190,40
2026-04-05 23:14:13.208,7.660,-1.0000,0.136852,45
2026-04-05 23:14:13.228,7.680,-1.0000,0.141740,46
2026-04-05 23:14:13.256,7.700,-1.0000,0.127077,43
2026-04-05 23:14:13.280,7.720,-1.0000,0.112414,39
2026-04-05 23:14:13.304,7.740,-1.0000,0.122190,40
2026-04-05 23:14:13.307,7.760,-1.0000,0.141740,45
2026-04-05 23:14:13.322,7.780,-1.0000,0.146628,46
2026-04-05 23:14:13.365,7.800,-1.0000,0.131965,43
2026-04-05 23:14:13.387,7.820,-1.0000,0.122190,39
2026-04-05 23:14:13.391,7.840,-1.0000,0.122190,41
2026-04-05 23:14:13.412,7.860,-1.0000,0.136852,44
2026-04-05 23:14:13.428,7.880,-1.0000,0.146628,44
2026-04-05 23:14:13.445,7.900,-1.0000,0.131965,43
2026-04-05 23:14:13.475,7.920,-1.0000,0.112414,41
2026-04-05 23:14:13.499,7.940,-1.0000,0.122190,39
2026-04-05 23:14:13.521,7.960,-1.0000,0.141740,45
2026-04-05 23:14:13.529,7.980,-1.0000,0.146628,46
2026-04-05 23:14:13.547,8.000,-1.0000,0.131965,44
2026-04-05 23:14:13.577,8.020,-1.0000,0.112414,37
2026-04-05 23:14:13.599,8.040,-1.0000,0.127077,42
2026-04-05 23:14:13.626,8.060,-1.0000,0.131965,45
2026-04-05 23:14:13.627,8.080,-1.0000,0.141740,44
2026-04-05 23:14:13.645,8.100,-1.0000,0.127077,42
2026-04-05 23:14:13.678,8.120,-1.0000,0.112414,38
2026-04-05 23:14:13.702,8.140,-1.0000,0.122190,41
2026-04-05 23:14:13.726,8.160,-1.0000,0.136852,45
2026-04-05 23:14:13.728,8.180,-1.0000,0.141740,45
2026-04-05 23:14:13.748,8.200,-1.0000,0.131965,43
2026-04-05 23:14:13.778,8.220,-1.0000,0.112414,39
2026-04-05 23:14:13.802,8.240,-1.0000,0.117302,40
2026-04-05 23:14:13.826,8.260,-1.0000,0.131965,45
2026-04-05 23:14:13.829,8.280,-1.0000,0.141740,44
2026-04-05 23:14:13.846,8.300,-1.0000,0.127077,42
2026-04-05 23:14:13.892,8.320,-1.0000,0.112414,38
2026-04-05 23:14:13.894,8.340,-1.0000,0.131965,40
2026-04-05 23:14:13.917,8.360,-1.0000,0.141740,46
2026-04-05 23:14:13.941,8.380,-1.0000,0.141740,45
2026-04-05 23:14:13.950,8.400,-1.0000,0.127077,41
2026-04-05 23:14:13.967,8.420,-1.0000,0.117302,38
2026-04-05 23:14:13.995,8.440,-1.0000,0.127077,41
2026-04-05 23:14:14.017,8.460,-1.0000,0.131965,45
2026-04-05 23:14:14.046,8.480,-1.0000,0.141740,45
2026-04-05 23:14:14.048,8.500,-1.0000,0.127077,43
2026-04-05 23:14:14.082,8.520,-1.0000,0.112414,39
2026-04-05 23:14:14.100,8.540,-1.0000,0.122190,40
2026-04-05 23:14:14.126,8.560,-1.0000,0.141740,45
2026-04-05 23:14:14.128,8.580,-1.0000,0.141740,43
2026-04-05 23:14:14.151,8.600,-1.0000,0.127077,40
2026-04-05 23:14:14.161,8.620,-1.0000,0.112414,38
2026-04-05 23:14:14.200,8.640,-1.0000,0.127077,43
2026-04-05 23:14:14.217,8.660,-1.0000,0.151515,43
2026-04-05 23:14:14.240,8.680,-1.0000,0.141740,44
2026-04-05 23:14:14.249,8.700,-1.0000,0.122190,40
2026-04-05 23:14:14.266,8.720,-1.0000,0.112414,37
2026-04-05 23:14:14.297,8.740,-1.0000,0.127077,41
2026-04-05 23:14:14.315,8.760,-1.0000,0.156403,47
2026-04-05 23:14:14.334,8.780,-1.0000,0.136852,45
2026-04-05 23:14:14.345,8.800,-1.0000,0.127077,40
2026-04-05 23:14:14.367,8.820,-1.0000,0.102639,38
2026-04-05 23:14:14.406,8.840,-1.0000,0.127077,41
2026-04-05 23:14:14.424,8.860,-1.0000,0.156403,46
2026-04-05 23:14:14.445,8.880,-1.0000,0.146628,45
2026-04-05 23:14:14.450,8.900,-1.0000,0.122190,39
2026-04-05 23:14:14.468,8.920,-1.0000,0.107527,37
2026-04-05 23:14:14.489,8.940,-1.0000,0.127077,42
2026-04-05 23:14:14.513,8.960,-1.0000,0.151515,47
2026-04-05 23:14:14.532,8.980,-1.0000,0.146628,45
2026-04-05 23:14:14.552,9.000,-1.0000,0.122190,39
2026-04-05 23:14:14.565,9.020,-1.0000,0.112414,38
2026-04-05 23:14:14.589,9.040,-1.0000,0.131965,41
2026-04-05 23:14:14.629,9.060,-1.0000,0.156403,47
2026-04-05 23:14:14.630,9.080,-1.0000,0.136852,45
2026-04-05 23:14:14.648,9.100,-1.0000,0.112414,40
2026-04-05 23:14:14.669,9.120,-1.0000,0.112414,38
2026-04-05 23:14:14.682,9.140,-1.0000,0.122190,40
2026-04-05 23:14:14.702,9.160,-1.0000,0.151515,45
2026-04-05 23:14:14.739,9.180,-1.0000,0.131965,44
2026-04-05 23:14:14.758,9.200,-1.0000,0.117302,39
2026-04-05 23:14:14.778,9.220,-1.0000,0.112414,38
2026-04-05 23:14:14.789,9.240,-1.0000,0.127077,41
2026-04-05 23:14:14.808,9.260,-1.0000,0.146628,46
2026-04-05 23:14:14.849,9.280,-1.0000,0.136852,44
2026-04-05 23:14:14.849,9.300,-1.0000,0.117302,39
2026-04-05 23:14:14.869,9.320,-1.0000,0.117302,39
2026-04-05 23:14:14.891,9.340,-1.0000,0.131965,43
2026-04-05 23:14:14.908,9.360,-1.0000,0.141740,46
2026-04-05 23:14:14.928,9.380,-1.0000,0.136852,44
2026-04-05 23:14:14.963,9.400,-1.0000,0.117302,39
2026-04-05 23:14:14.982,9.420,-1.0000,0.117302,39
2026-04-05 23:14:15.002,9.440,-1.0000,0.127077,42
2026-04-05 23:14:15.010,9.460,-1.0000,0.146628,47
2026-04-05 23:14:15.026,9.480,-1.0000,0.131965,44
2026-04-05 23:14:15.071,9.500,-1.0000,0.112414,39
2026-04-05 23:14:15.071,9.520,-1.0000,0.112414,38
2026-04-05 23:14:15.092,9.540,-1.0000,0.131965,44
2026-04-05 23:14:15.111,9.560,-1.0000,0.146628,46
2026-04-05 23:14:15.128,9.580,-1.0000,0.136852,44
2026-04-05 23:14:15.147,9.600,-1.0000,0.112414,38
2026-04-05 23:14:15.182,9.620,-1.0000,0.117302,38
2026-04-05 23:14:15.205,9.640,-1.0000,0.141740,45
2026-04-05 23:14:15.207,9.660,-1.0000,0.146628,46
2026-04-05 23:14:15.230,9.680,-1.0000,0.131965,43
2026-04-05 23:14:15.246,9.700,-1.0000,0.112414,38
2026-04-05 23:14:15.296,9.720,-1.0000,0.117302,40
2026-04-05 23:14:15.296,9.740,-1.0000,0.131965,44
2026-04-05 23:14:15.319,9.760,-1.0000,0.151515,47
2026-04-05 23:14:15.340,9.780,-1.0000,0.136852,43
2026-04-05 23:14:15.349,9.800,-1.0000,0.107527,38
2026-04-05 23:14:15.369,9.820,-1.0000,0.112414,38
2026-04-05 23:14:15.405,9.840,-1.0000,0.141740,45
2026-04-05 23:14:15.428,9.860,-1.0000,0.151515,47
2026-04-05 23:14:15.428,9.880,-1.0000,0.141740,43
2026-04-05 23:14:15.451,9.900,-1.0000,0.112414,38
2026-04-05 23:14:15.464,9.920,-1.0000,0.117302,39
2026-04-05 23:14:15.518,9.940,-1.0000,0.146628,48
2026-04-05 23:14:15.519,9.960,-1.0000,0.146628,48
2026-04-05 23:14:15.542,9.980,-1.0000,0.131965,45
2026-04-05 23:14:15.564,10.000,-1.0000,0.092864,33
2026-04-05 23:14:15.570,10.020,-1.0000,0.107527,37
2026-04-05 23:14:15.587,10.040,-1.0000,0.141740,46
2026-04-05 23:14:15.632,10.060,-1.0000,0.156403,49
2026-04-05 23:14:15.642,10.080,-1.0000,0.136852,44
2026-04-05 23:14:15.658,10.100,-1.0000,0.092864,34
2026-04-05 23:14:15.680,10.120,-1.0000,0.112414,37
2026-04-05 23:14:15.691,10.140,-1.0000,0.151515,47
2026-04-05 23:14:15.732,10.160,-1.0000,0.156403,48
2026-04-05 23:14:15.741,10.180,-1.0000,0.127077,43
2026-04-05 23:14:15.760,10.200,-1.0000,0.097752,36
2026-04-05 23:14:15.786,10.220,-1.0000,0.117302,38
2026-04-05 23:14:15.793,10.240,-1.0000,0.141740,45
2026-04-05 23:14:15.809,10.260,-1.0000,0.151515,47
2026-04-05 23:14:15.846,10.280,-1.0000,0.127077,41
2026-04-05 23:14:15.851,10.300,-1.0000,0.097752,35
2026-04-05 23:14:15.876,10.320,-1.0000,0.122190,40
2026-04-05 23:14:15.900,10.340,-1.0000,0.161290,47
2026-04-05 23:14:15.910,10.360,-1.0000,0.151515,48
2026-04-05 23:14:15.926,10.380,-1.0000,0.127077,41
2026-04-05 23:14:15.968,10.400,-1.0000,0.097752,35
2026-04-05 23:14:15.970,10.420,-1.0000,0.117302,38
2026-04-05 23:14:15.993,10.440,-1.0000,0.156403,49
2026-04-05 23:14:16.019,10.460,-1.0000,0.156403,48
2026-04-05 23:14:16.038,10.480,-1.0000,0.127077,41
2026-04-05 23:14:16.064,10.500,-1.0000,0.097752,34
2026-04-05 23:14:16.070,10.520,-1.0000,0.117302,40
2026-04-05 23:14:16.095,10.540,-1.0000,0.151515,48
2026-04-05 23:14:16.111,10.560,-1.0000,0.156403,48
2026-04-05 23:14:16.157,10.580,-1.0000,0.117302,39
2026-04-05 23:14:16.165,10.600,-1.0000,0.092864,34
2026-04-05 23:14:16.195,10.620,-1.0000,0.127077,40
2026-04-05 23:14:16.197,10.640,-1.0000,0.161290,48
2026-04-05 23:14:16.228,10.660,-1.0000,0.156403,48
2026-04-05 23:14:16.232,10.680,-1.0000,0.127077,41
2026-04-05 23:14:16.248,10.700,-1.0000,0.092864,33
2026-04-05 23:14:16.297,10.720,-1.0000,0.122190,39
2026-04-05 23:14:16.301,10.740,-1.0000,0.171065,51
2026-04-05 23:14:16.330,10.760,-1.0000,0.156403,48
2026-04-05 23:14:16.332,10.780,-1.0000,0.112414,37
2026-04-05 23:14:16.358,10.800,-1.0000,0.087977,32
2026-04-05 23:14:16.373,10.820,-1.0000,0.122190,39
2026-04-05 23:14:16.390,10.840,-1.0000,0.166178,49
2026-04-05 23:14:16.432,10.860,-1.0000,0.161290,49
2026-04-05 23:14:16.434,10.880,-1.0000,0.127077,40
2026-04-05 23:14:16.464,10.900,-1.0000,0.078201,32
2026-04-05 23:14:16.492,10.920,-1.0000,0.127077,40
2026-04-05 23:14:16.499,10.940,-1.0000,0.171065,52
2026-04-05 23:14:16.510,10.960,-1.0000,0.151515,50
2026-04-05 23:14:16.565,10.980,-1.0000,0.112414,36
2026-04-05 23:14:16.567,11.000,-1.0000,0.087977,34
2026-04-05 23:14:16.595,11.020,-1.0000,0.122190,40
2026-04-05 23:14:16.599,11.040,-1.0000,0.180841,55
2026-04-05 23:14:16.628,11.060,-1.0000,0.156403,48
2026-04-05 23:14:16.632,11.080,-1.0000,0.107527,35
2026-04-05 23:14:16.649,11.100,-1.0000,0.087977,31
2026-04-05 23:14:16.697,11.120,-1.0000,0.131965,41
2026-04-05 23:14:16.698,11.140,-1.0000,0.175953,53
2026-04-05 23:14:16.730,11.160,-1.0000,0.156403,48
2026-04-05 23:14:16.732,11.180,-1.0000,0.107527,38
2026-04-05 23:14:16.760,11.200,-1.0000,0.092864,33
2026-04-05 23:14:16.770,11.220,-1.0000,0.136852,43
2026-04-05 23:14:16.791,11.240,-1.0000,0.175953,53
2026-04-05 23:14:16.832,11.260,-1.0000,0.146628,48
2026-04-05 23:14:16.834,11.280,-1.0000,0.097752,34
2026-04-05 23:14:16.864,11.300,-1.0000,0.097752,34
2026-04-05 23:14:16.895,11.320,-1.0000,0.112414,41
2026-04-05 23:14:16.897,11.340,-1.0000,0.175953,52
2026-04-05 23:14:16.910,11.360,-1.0000,0.146628,45
2026-04-05 23:14:16.930,11.380,-1.0000,0.092864,32
2026-04-05 23:14:16.976,11.400,-1.0000,0.092864,34
2026-04-05 23:14:16.978,11.420,-1.0000,0.141740,43
2026-04-05 23:14:17.004,11.440,-1.0000,0.166178,52
2026-04-05 23:14:17.025,11.460,-1.0000,0.146628,46
2026-04-05 23:14:17.035,11.480,-1.0000,0.102639,35
2026-04-05 23:14:17.051,11.500,-1.0000,0.107527,35
2026-04-05 23:14:17.069,11.520,-1.0000,0.127077,42
2026-04-05 23:14:17.110,11.540,-1.0000,0.175953,53
2026-04-05 23:14:17.116,11.560,-1.0000,0.136852,45
2026-04-05 23:14:17.147,11.580,-1.0000,0.092864,33
2026-04-05 23:14:17.152,11.600,-1.0000,0.102639,36
2026-04-05 23:14:17.182,11.620,-1.0000,0.131965,44
2026-04-05 23:14:17.192,11.640,-1.0000,0.171065,52
2026-04-05 23:14:17.210,11.660,-1.0000,0.146628,45
2026-04-05 23:14:17.249,11.680,-1.0000,0.087977,33
2026-04-05 23:14:17.279,11.700,-1.0000,0.107527,35
2026-04-05 23:14:17.282,11.720,-1.0000,0.146628,47
2026-04-05 23:14:17.310,11.740,-1.0000,0.166178,50
2026-04-05 23:14:17.321,11.760,-1.0000,0.141740,43
2026-04-05 23:14:17.330,11.780,-1.0000,0.092864,33
2026-04-05 23:14:17.349,11.800,-1.0000,0.107527,36
2026-04-05 23:14:17.392,11.820,-1.0000,0.141740,43
2026-04-05 23:14:17.395,11.840,-1.0000,0.175953,51
2026-04-05 23:14:17.427,11.860,-1.0000,0.141740,43
2026-04-05 23:14:17.454,11.880,-1.0000,0.092864,33
2026-04-05 23:14:17.460,11.900,-1.0000,0.117302,37
2026-04-05 23:14:17.470,11.920,-1.0000,0.146628,47
2026-04-05 23:14:17.492,11.940,-1.0000,0.161290,50
2026-04-05 23:14:17.530,11.960,-1.0000,0.131965,44
2026-04-05 23:14:17.543,11.980,-1.0000,0.083089,33
2026-04-05 23:14:17.571,12.000,-1.0000,0.107527,35
2026-04-05 23:14:17.571,12.020,-1.0000,0.156403,48
2026-04-05 23:14:17.603,12.040,-1.0000,0.161290,50
2026-04-05 23:14:17.614,12.060,-1.0000,0.127077,43
2026-04-05 23:14:17.631,12.080,-1.0000,0.092864,33
2026-04-05 23:14:17.669,12.100,-1.0000,0.102639,37
2026-04-05 23:14:17.669,12.120,-1.0000,0.146628,45
2026-04-05 23:14:17.699,12.140,-1.0000,0.166178,50
2026-04-05 23:14:17.731,12.160,-1.0000,0.141740,44
2026-04-05 23:14:17.734,12.180,-1.0000,0.073314,34
2026-04-05 23:14:17.749,12.200,-1.0000,0.117302,37
2026-04-05 23:14:17.802,12.220,-1.0000,0.156403,49
2026-04-05 23:14:17.814,12.240,-1.0000,0.156403,49
2026-04-05 23:14:17.834,12.260,-1.0000,0.131965,43
2026-04-05 23:14:17.839,12.280,-1.0000,0.083089,33
2026-04-05 23:14:17.864,12.300,-1.0000,0.117302,37
2026-04-05 23:14:17.872,12.320,-1.0000,0.166178,51
2026-04-05 23:14:17.889,12.340,-1.0000,0.161290,50
2026-04-05 23:14:17.936,12.360,-1.0000,0.127077,41
2026-04-05 23:14:17.946,12.380,-1.0000,0.083089,32
2026-04-05 23:14:17.978,12.400,-1.0000,0.117302,39
2026-04-05 23:14:17.982,12.420,-1.0000,0.156403,49
2026-04-05 23:14:18.009,12.440,-1.0000,0.156403,49
2026-04-05 23:14:18.015,12.460,-1.0000,0.136852,43
2026-04-05 23:14:18.033,12.480,-1.0000,0.087977,32
2026-04-05 23:14:18.053,12.500,-1.0000,0.122190,40
2026-04-05 23:14:18.090,12.520,-1.0000,0.166178,47
2026-04-05 23:14:18.092,12.540,-1.0000,0.161290,48
2026-04-05 23:14:18.120,12.560,-1.0000,0.122190,40
2026-04-05 23:14:18.150,12.580,-1.0000,0.083089,32
2026-04-05 23:14:18.155,12.600,-1.0000,0.112414,38
2026-04-05 23:14:18.172,12.620,-1.0000,0.171065,52
2026-04-05 23:14:18.218,12.640,-1.0000,0.161290,48
2026-04-05 23:14:18.221,12.660,-1.0000,0.117302,38
2026-04-05 23:14:18.247,12.680,-1.0000,0.087977,32
2026-04-05 23:14:18.252,12.700,-1.0000,0.127077,39
2026-04-05 23:14:18.286,12.720,-1.0000,0.166178,51
2026-04-05 23:14:18.292,12.740,-1.0000,0.151515,49
2026-04-05 23:14:18.312,12.760,-1.0000,0.131965,40
2026-04-05 23:14:18.352,12.780,-1.0000,0.087977,31
2026-04-05 23:14:18.353,12.800,-1.0000,0.117302,38
2026-04-05 23:14:18.378,12.820,-1.0000,0.175953,51
2026-04-05 23:14:18.403,12.840,-1.0000,0.156403,47
2026-04-05 23:14:18.411,12.860,-1.0000,0.117302,38
2026-04-05 23:14:18.430,12.880,-1.0000,0.087977,31
2026-04-05 23:14:18.470,12.900,-1.0000,0.122190,40
2026-04-05 23:14:18.495,12.920,-1.0000,0.175953,52
2026-04-05 23:14:18.499,12.940,-1.0000,0.151515,48
2026-04-05 23:14:18.524,12.960,-1.0000,0.102639,36
2026-04-05 23:14:18.534,12.980,-1.0000,0.087977,32
2026-04-05 23:14:18.552,13.000,-1.0000,0.127077,43
2026-04-05 23:14:18.583,13.020,-1.0000,0.171065,51
2026-04-05 23:14:18.610,13.040,-1.0000,0.146628,47
2026-04-05 23:14:18.614,13.060,-1.0000,0.112414,37
2026-04-05 23:14:18.639,13.080,-1.0000,0.092864,34
2026-04-05 23:14:18.652,13.100,-1.0000,0.122190,40
2026-04-05 23:14:18.699,13.120,-1.0000,0.171065,52
2026-04-05 23:14:18.702,13.140,-1.0000,0.146628,46
2026-04-05 23:14:18.727,13.160,-1.0000,0.102639,33
2026-04-05 23:14:18.751,13.180,-1.0000,0.097752,35
2026-04-05 23:14:18.752,13.200,-1.0000,0.127077,41
2026-04-05 23:14:18.774,13.220,-1.0000,0.175953,49
2026-04-05 23:14:18.813,13.240,-1.0000,0.146628,46
2026-04-05 23:14:18.815,13.260,-1.0000,0.092864,34
2026-04-05 23:14:18.838,13.280,-1.0000,0.092864,34
2026-04-05 23:14:18.860,13.300,-1.0000,0.131965,43
2026-04-05 23:14:18.869,13.320,-1.0000,0.175953,51
2026-04-05 23:14:18.910,13.340,-1.0000,0.151515,46
2026-04-05 23:14:18.917,13.360,-1.0000,0.102639,36
2026-04-05 23:14:18.942,13.380,-1.0000,0.097752,35
2026-04-05 23:14:18.964,13.400,-1.0000,0.127077,39
2026-04-05 23:14:18.967,13.420,-1.0000,0.175953,51
2026-04-05 23:14:19.018,13.440,-1.0000,0.146628,46
2026-04-05 23:14:19.018,13.460,-1.0000,0.097752,34
2026-04-05 23:14:19.042,13.480,-1.0000,0.107527,36
2026-04-05 23:14:19.064,13.500,-1.0000,0.127077,43
2026-04-05 23:14:19.072,13.520,-1.0000,0.175953,53
2026-04-05 23:14:19.104,13.540,-1.0000,0.131965,46
2026-04-05 23:14:19.126,13.560,-1.0000,0.087977,35
2026-04-05 23:14:19.147,13.580,-1.0000,0.092864,35
2026-04-05 23:14:19.152,13.600,-1.0000,0.141740,45
2026-04-05 23:14:19.175,13.620,-1.0000,0.171065,52
2026-04-05 23:14:19.192,13.640,-1.0000,0.141740,46
2026-04-05 23:14:19.221,13.660,-1.0000,0.097752,35
2026-04-05 23:14:19.244,13.680,-1.0000,0.102639,35
2026-04-05 23:14:19.266,13.700,-1.0000,0.131965,41
2026-04-05 23:14:19.275,13.720,-1.0000,0.180841,51
2026-04-05 23:14:19.291,13.740,-1.0000,0.146628,46
2026-04-05 23:14:19.328,13.760,-1.0000,0.087977,32
2026-04-05 23:14:19.352,13.780,-1.0000,0.097752,35
2026-04-05 23:14:19.354,13.800,-1.0000,0.136852,45
2026-04-05 23:14:19.374,13.820,-1.0000,0.171065,51
2026-04-05 23:14:19.392,13.840,-1.0000,0.146628,45
2026-04-05 23:14:19.440,13.860,-1.0000,0.087977,33
2026-04-05 23:14:19.441,13.880,-1.0000,0.102639,35
2026-04-05 23:14:19.463,13.900,-1.0000,0.156403,48
2026-04-05 23:14:19.487,13.920,-1.0000,0.161290,52
2026-04-05 23:14:19.492,13.940,-1.0000,0.136852,45
2026-04-05 23:14:19.511,13.960,-1.0000,0.097752,32
2026-04-05 23:14:19.550,13.980,-1.0000,0.107527,36
2026-04-05 23:14:19.552,14.000,-1.0000,0.146628,43
2026-04-05 23:14:19.575,14.020,-1.0000,0.175953,51
2026-04-05 23:14:19.600,14.040,-1.0000,0.141740,45
2026-04-05 23:14:19.612,14.060,-1.0000,0.092864,33
2026-04-05 23:14:19.630,14.080,-1.0000,0.112414,35
2026-04-05 23:14:19.660,14.100,-1.0000,0.141740,48
2026-04-05 23:14:19.681,14.120,-1.0000,0.166178,51
2026-04-05 23:14:19.706,14.140,-1.0000,0.136852,44
2026-04-05 23:14:19.715,14.160,-1.0000,0.083089,32
2026-04-05 23:14:19.733,14.180,-1.0000,0.092864,36
2026-04-05 23:14:19.766,14.200,-1.0000,0.161290,50
2026-04-05 23:14:19.774,14.220,-1.0000,0.161290,51
2026-04-05 23:14:19.799,14.240,-1.0000,0.136852,43
2026-04-05 23:14:19.823,14.260,-1.0000,0.087977,32
2026-04-05 23:14:19.835,14.280,-1.0000,0.112414,38
2026-04-05 23:14:19.878,14.300,-1.0000,0.151515,48
2026-04-05 23:14:19.881,14.320,-1.0000,0.166178,51
2026-04-05 23:14:19.902,14.340,-1.0000,0.136852,44
2026-04-05 23:14:19.926,14.360,-1.0000,0.083089,32
2026-04-05 23:14:19.933,14.380,-1.0000,0.107527,36
2026-04-05 23:14:19.978,14.400,-1.0000,0.161290,50
2026-04-05 23:14:19.978,14.420,-1.0000,0.166178,50
2026-04-05 23:14:20.000,14.440,-1.0000,0.131965,43
2026-04-05 23:14:20.023,14.460,-1.0000,0.083089,32
2026-04-05 23:14:20.035,14.480,-1.0000,0.107527,37
2026-04-05 23:14:20.070,14.500,-1.0000,0.166178,51
2026-04-05 23:14:20.089,14.520,-1.0000,0.156403,48
2026-04-05 23:14:20.112,14.540,-1.0000,0.117302,40
2026-04-05 23:14:20.116,14.560,-1.0000,0.078201,31
2026-04-05 23:14:20.141,14.580,-1.0000,0.117302,38
2026-04-05 23:14:20.155,14.600,-1.0000,0.156403,49
2026-04-05 23:14:20.200,14.620,-1.0000,0.156403,48
2026-04-05 23:14:20.202,14.640,-1.0000,0.131965,42
2026-04-05 23:14:20.228,14.660,-1.0000,0.083089,31
2026-04-05 23:14:20.249,14.680,-1.0000,0.102639,37
2026-04-05 23:14:20.255,14.700,-1.0000,0.175953,51
2026-04-05 23:14:20.273,14.720,-1.0000,0.156403,49
2026-04-05 23:14:20.310,14.740,-1.0000,0.127077,40
2026-04-05 23:14:20.334,14.760,-1.0000,0.083089,33
2026-04-05 23:14:20.339,14.780,-1.0000,0.117302,39
2026-04-05 23:14:20.361,14.800,-1.0000,0.171065,51
2026-04-05 23:14:20.372,14.820,-1.0000,0.161290,48
2026-04-05 23:14:20.420,14.840,-1.0000,0.112414,37
2026-04-05 23:14:20.423,14.860,-1.0000,0.087977,32
2026-04-05 23:14:20.445,14.880,-1.0000,0.112414,40
2026-04-05 23:14:20.460,14.900,-1.0000,0.166178,51
2026-04-05 23:14:20.470,14.920,-1.0000,0.156403,48
2026-04-05 23:14:20.505,14.940,-1.0000,0.122190,40
2026-04-05 23:14:20.521,14.960,-1.0000,0.078201,32
2026-04-05 23:14:20.545,14.980,-1.0000,0.117302,38
2026-04-05 23:14:20.566,15.000,-1.0000,0.171065,52
2026-04-05 23:14:20.566,15.020,-1.0000,0.161290,48
2026-04-05 23:14:20.592,15.040,-1.0000,0.107527,37
2026-04-05 23:14:20.618,15.060,-1.0000,0.092864,34
2026-04-05 23:14:20.645,15.080,-1.0000,0.122190,40
2026-04-05 23:14:20.667,15.100,-1.0000,0.171065,52
2026-04-05 23:14:20.675,15.120,-1.0000,0.146628,47
2026-04-05 23:14:20.695,15.140,-1.0000,0.102639,36
2026-04-05 23:14:20.728,15.160,-1.0000,0.087977,33
2026-04-05 23:14:20.752,15.180,-1.0000,0.131965,40
2026-04-05 23:14:20.756,15.200,-1.0000,0.171065,52
2026-04-05 23:14:20.780,15.220,-1.0000,0.151515,47
2026-04-05 23:14:20.792,15.240,-1.0000,0.117302,37
2026-04-05 23:14:20.832,15.260,-1.0000,0.092864,34
2026-04-05 23:14:20.832,15.280,-1.0000,0.112414,39
2026-04-05 23:14:20.852,15.300,-1.0000,0.171065,51
2026-04-05 23:14:20.878,15.320,-1.0000,0.151515,45
2026-04-05 23:14:20.895,15.340,-1.0000,0.107527,33
2026-04-05 23:14:20.918,15.360,-1.0000,0.092864,32
2026-04-05 23:14:20.941,15.380,-1.0000,0.122190,40
2026-04-05 23:14:20.952,15.400,-1.0000,0.175953,51
2026-04-05 23:14:20.978,15.420,-1.0000,0.151515,45
2026-04-05 23:14:20.997,15.440,-1.0000,0.102639,33
2026-04-05 23:14:21.028,15.460,-1.0000,0.097752,31
2026-04-05 23:14:21.037,15.480,-1.0000,0.131965,42
2026-04-05 23:14:21.055,15.500,-1.0000,0.171065,52
2026-04-05 23:14:21.087,15.520,-1.0000,0.146628,47
2026-04-05 23:14:21.104,15.540,-1.0000,0.107527,35
2026-04-05 23:14:21.136,15.560,-1.0000,0.092864,34
2026-04-05 23:14:21.141,15.580,-1.0000,0.122190,40
2026-04-05 23:14:21.153,15.600,-1.0000,0.171065,51
2026-04-05 23:14:21.189,15.620,-1.0000,0.146628,46
2026-04-05 23:14:21.201,15.640,-1.0000,0.097752,34
2026-04-05 23:14:21.216,15.660,-1.0000,0.097752,33
2026-04-05 23:14:21.232,15.680,-1.0000,0.122190,42
2026-04-05 23:14:21.252,15.700,-1.0000,0.175953,51
2026-04-05 23:14:21.289,15.720,-1.0000,0.146628,46
2026-04-05 23:14:21.315,15.740,-1.0000,0.092864,32
2026-04-05 23:14:21.315,15.760,-1.0000,0.097752,34
2026-04-05 23:14:21.342,15.780,-1.0000,0.141740,45
2026-04-05 23:14:21.352,15.800,-1.0000,0.166178,52
2026-04-05 23:14:21.395,15.820,-1.0000,0.136852,45
2026-04-05 23:14:21.395,15.840,-1.0000,0.097752,34
2026-04-05 23:14:21.425,15.860,-1.0000,0.102639,36
2026-04-05 23:14:21.448,15.880,-1.0000,0.122190,41
2026-04-05 23:14:21.455,15.900,-1.0000,0.175953,51
2026-04-05 23:14:21.473,15.920,-1.0000,0.146628,46
2026-04-05 23:14:21.505,15.940,-1.0000,0.073314,34
2026-04-05 23:14:21.532,15.960,-1.0000,0.097752,35
2026-04-05 23:14:21.555,15.980,-1.0000,0.141740,44
2026-04-05 23:14:21.560,16.000,-1.0000,0.166178,51
2026-04-05 23:14:21.572,16.020,-1.0000,0.141740,45
2026-04-05 23:14:21.608,16.040,-1.0000,0.083089,33
2026-04-05 23:14:21.610,16.060,-1.0000,0.102639,36
2026-04-05 23:14:21.641,16.080,-1.0000,0.156403,48
2026-04-05 23:14:21.662,16.100,-1.0000,0.161290,51
2026-04-05 23:14:21.673,16.120,-1.0000,0.136852,44
2026-04-05 23:14:21.722,16.140,-1.0000,0.083089,33
2026-04-05 23:14:21.722,16.160,-1.0000,0.107527,36
2026-04-05 23:14:21.747,16.180,-1.0000,0.136852,44
2026-04-05 23:14:21.773,16.200,-1.0000,0.171065,51
2026-04-05 23:14:21.779,16.220,-1.0000,0.131965,44
2026-04-05 23:14:21.792,16.240,-1.0000,0.087977,32
2026-04-05 23:14:21.830,16.260,-1.0000,0.092864,35
2026-04-05 23:14:21.855,16.280,-1.0000,0.151515,47
2026-04-05 23:14:21.858,16.300,-1.0000,0.161290,51
2026-04-05 23:14:21.878,16.320,-1.0000,0.122190,44
2026-04-05 23:14:21.896,16.340,-1.0000,0.087977,32
2026-04-05 23:14:21.942,16.360,-1.0000,0.107527,37
2026-04-05 23:14:21.943,16.380,-1.0000,0.161290,49
2026-04-05 23:14:21.960,16.400,-1.0000,0.166178,51
2026-04-05 23:14:21.991,16.420,-1.0000,0.131965,43
2026-04-05 23:14:21.995,16.440,-1.0000,0.087977,33
2026-04-05 23:14:22.010,16.460,-1.0000,0.112414,37
2026-04-05 23:14:22.042,16.480,-1.0000,0.146628,46
2026-04-05 23:14:22.070,16.500,-1.0000,0.166178,48
2026-04-05 23:14:22.093,16.520,-1.0000,0.136852,44
2026-04-05 23:14:22.098,16.540,-1.0000,0.087977,33
2026-04-05 23:14:22.114,16.560,-1.0000,0.102639,37
2026-04-05 23:14:22.148,16.580,-1.0000,0.156403,49
2026-04-05 23:14:22.158,16.600,-1.0000,0.161290,50
2026-04-05 23:14:22.182,16.620,-1.0000,0.131965,44
2026-04-05 23:14:22.208,16.640,-1.0000,0.087977,33
2026-04-05 23:14:22.219,16.660,-1.0000,0.107527,37
2026-04-05 23:14:22.235,16.680,-1.0000,0.161290,50
2026-04-05 23:14:22.269,16.700,-1.0000,0.156403,49
2026-04-05 23:14:22.295,16.720,-1.0000,0.127077,42
2026-04-05 23:14:22.301,16.740,-1.0000,0.087977,32
2026-04-05 23:14:22.322,16.760,-1.0000,0.112414,37
2026-04-05 23:14:22.336,16.780,-1.0000,0.151515,47
2026-04-05 23:14:22.370,16.800,-1.0000,0.161290,48
2026-04-05 23:14:22.383,16.820,-1.0000,0.136852,43
2026-04-05 23:14:22.408,16.840,-1.0000,0.087977,32
2026-04-05 23:14:22.428,16.860,-1.0000,0.112414,37
2026-04-05 23:14:22.436,16.880,-1.0000,0.161290,50
2026-04-05 23:14:22.456,16.900,-1.0000,0.171065,50
2026-04-05 23:14:22.484,16.920,-1.0000,0.131965,42
2026-04-05 23:14:22.502,16.940,-1.0000,0.087977,32
2026-04-05 23:14:22.532,16.960,-1.0000,0.112414,38
2026-04-05 23:14:22.538,16.980,-1.0000,0.171065,51
2026-04-05 23:14:22.554,17.000,-1.0000,0.156403,49
2026-04-05 23:14:22.590,17.020,-1.0000,0.117302,39
2026-04-05 23:14:22.612,17.040,-1.0000,0.087977,31
2026-04-05 23:14:22.619,17.060,-1.0000,0.117302,39
2026-04-05 23:14:22.642,17.080,-1.0000,0.156403,49
2026-04-05 23:14:22.656,17.100,-1.0000,0.156403,48
2026-04-05 23:14:22.699,17.120,-1.0000,0.127077,43
2026-04-05 23:14:22.701,17.140,-1.0000,0.087977,33
2026-04-05 23:14:22.726,17.160,-1.0000,0.122190,38
2026-04-05 23:14:22.746,17.180,-1.0000,0.161290,51
2026-04-05 23:14:22.758,17.200,-1.0000,0.166178,49
2026-04-05 23:14:22.775,17.220,-1.0000,0.122190,40
2026-04-05 23:14:22.805,17.240,-1.0000,0.087977,32
2026-04-05 23:14:22.826,17.260,-1.0000,0.117302,38
2026-04-05 23:14:22.853,17.280,-1.0000,0.161290,49
2026-04-05 23:14:22.857,17.300,-1.0000,0.161290,47
2026-04-05 23:14:22.874,17.320,-1.0000,0.117302,37
2026-04-05 23:14:22.908,17.340,-1.0000,0.087977,32
2026-04-05 23:14:22.929,17.360,-1.0000,0.122190,40
2026-04-05 23:14:22.941,17.380,-1.0000,0.166178,50
2026-04-05 23:14:22.975,17.400,-1.0000,0.156403,48
2026-04-05 23:14:22.978,17.420,-1.0000,0.112414,40
2026-04-05 23:14:22.996,17.440,-1.0000,0.087977,32
2026-04-05 23:14:23.034,17.460,-1.0000,0.117302,38
2026-04-05 23:14:23.040,17.480,-1.0000,0.171065,51
2026-04-05 23:14:23.060,17.500,-1.0000,0.156403,47
2026-04-05 23:14:23.090,17.520,-1.0000,0.112414,38
2026-04-05 23:14:23.098,17.540,-1.0000,0.087977,32
2026-04-05 23:14:23.128,17.560,-1.0000,0.122190,39
2026-04-05 23:14:23.153,17.580,-1.0000,0.166178,50
2026-04-05 23:14:23.170,17.600,-1.0000,0.156403,48
2026-04-05 23:14:23.183,17.620,-1.0000,0.107527,36
2026-04-05 23:14:23.204,17.640,-1.0000,0.087977,32
2026-04-05 23:14:23.218,17.660,-1.0000,0.131965,40
2026-04-05 23:14:23.252,17.680,-1.0000,0.166178,52
2026-04-05 23:14:23.260,17.700,-1.0000,0.151515,47
2026-04-05 23:14:23.282,17.720,-1.0000,0.112414,37
2026-04-05 23:14:23.308,17.740,-1.0000,0.083089,33
2026-04-05 23:14:23.317,17.760,-1.0000,0.122190,39
2026-04-05 23:14:23.335,17.780,-1.0000,0.175953,51
2026-04-05 23:14:23.360,17.800,-1.0000,0.151515,48
2026-04-05 23:14:23.384,17.820,-1.0000,0.107527,36
2026-04-05 23:14:23.412,17.840,-1.0000,0.087977,32
2026-04-05 23:14:23.412,17.860,-1.0000,0.127077,40
2026-04-05 23:14:23.433,17.880,-1.0000,0.161290,50
2026-04-05 23:14:23.457,17.900,-1.0000,0.156403,47
2026-04-05 23:14:23.477,17.920,-1.0000,0.122190,40
2026-04-05 23:14:23.498,17.940,-1.0000,0.092864,34
2026-04-05 23:14:23.534,17.960,-1.0000,0.131965,44
2026-04-05 23:14:23.546,17.980,-1.0000,0.171065,51
2026-04-05 23:14:23.561,18.000,-1.0000,0.146628,47
2026-04-05 23:14:23.589,18.020,-1.0000,0.107527,37
2026-04-05 23:14:23.595,18.040,-1.0000,0.092864,34
2026-04-05 23:14:23.642,18.060,-1.0000,0.127077,39
2026-04-05 23:14:23.645,18.080,-1.0000,0.180841,52
2026-04-05 23:14:23.667,18.100,-1.0000,0.146628,47
2026-04-05 23:14:23.696,18.120,-1.0000,0.102639,35
2026-04-05 23:14:23.702,18.140,-1.0000,0.087977,31
2026-04-05 23:14:23.718,18.160,-1.0000,0.127077,40
2026-04-05 23:14:23.745,18.180,-1.0000,0.171065,51
2026-04-05 23:14:23.760,18.200,-1.0000,0.146628,46
2026-04-05 23:14:23.786,18.220,-1.0000,0.107527,37
2026-04-05 23:14:23.810,18.240,-1.0000,0.092864,34
2026-04-05 23:14:23.818,18.260,-1.0000,0.131965,43
2026-04-05 23:14:23.838,18.280,-1.0000,0.180841,51
2026-04-05 23:14:23.870,18.300,-1.0000,0.141740,46
2026-04-05 23:14:23.895,18.320,-1.0000,0.097752,35
2026-04-05 23:14:23.898,18.340,-1.0000,0.097752,36
2026-04-05 23:14:23.917,18.360,-1.0000,0.122190,40
2026-04-05 23:14:23.935,18.380,-1.0000,0.161290,51
2026-04-05 23:14:23.967,18.400,-1.0000,0.141740,46
2026-04-05 23:14:23.978,18.420,-1.0000,0.097752,35
2026-04-05 23:14:23.999,18.440,-1.0000,0.092864,33
2026-04-05 23:14:24.025,18.460,-1.0000,0.131965,42
2026-04-05 23:14:24.035,18.480,-1.0000,0.166178,51
2026-04-05 23:14:24.075,18.500,-1.0000,0.146628,46
2026-04-05 23:14:24.082,18.520,-1.0000,0.107527,36
2026-04-05 23:14:24.108,18.540,-1.0000,0.097752,34
2026-04-05 23:14:24.121,18.560,-1.0000,0.122190,40
2026-04-05 23:14:24.137,18.580,-1.0000,0.171065,53
2026-04-05 23:14:24.154,18.600,-1.0000,0.141740,45
2026-04-05 23:14:24.185,18.620,-1.0000,0.102639,35
2026-04-05 23:14:24.208,18.640,-1.0000,0.112414,35
2026-04-05 23:14:24.235,18.660,-1.0000,0.136852,42
2026-04-05 23:14:24.240,18.680,-1.0000,0.175953,52
2026-04-05 23:14:24.258,18.700,-1.0000,0.146628,46
2026-04-05 23:14:24.290,18.720,-1.0000,0.097752,33
2026-04-05 23:14:24.318,18.740,-1.0000,0.097752,33
2026-04-05 23:14:24.320,18.760,-1.0000,0.136852,44
2026-04-05 23:14:24.343,18.780,-1.0000,0.171065,51
2026-04-05 23:14:24.357,18.800,-1.0000,0.141740,47
2026-04-05 23:14:24.391,18.820,-1.0000,0.102639,33
2026-04-05 23:14:24.399,18.840,-1.0000,0.102639,35
2026-04-05 23:14:24.425,18.860,-1.0000,0.122190,39
2026-04-05 23:14:24.447,18.880,-1.0000,0.175953,52
2026-04-05 23:14:24.458,18.900,-1.0000,0.136852,45
2026-04-05 23:14:24.506,18.920,-1.0000,0.097752,34
2026-04-05 23:14:24.506,18.940,-1.0000,0.107527,36
2026-04-05 23:14:24.528,18.960,-1.0000,0.136852,43
2026-04-05 23:14:24.559,18.980,-1.0000,0.171065,52
2026-04-05 23:14:24.560,19.000,-1.0000,0.141740,44
2026-04-05 23:14:24.579,19.020,-1.0000,0.087977,32
2026-04-05 23:14:24.614,19.040,-1.0000,0.097752,35
2026-04-05 23:14:24.626,19.060,-1.0000,0.156403,46
2026-04-05 23:14:24.641,19.080,-1.0000,0.171065,52
2026-04-05 23:14:24.665,19.100,-1.0000,0.141740,45
2026-04-05 23:14:24.676,19.120,-1.0000,0.092864,34
2026-04-05 23:14:24.721,19.140,-1.0000,0.102639,36
2026-04-05 23:14:24.724,19.160,-1.0000,0.127077,41
2026-04-05 23:14:24.746,19.180,-1.0000,0.161290,51
2026-04-05 23:14:24.769,19.200,-1.0000,0.136852,45
2026-04-05 23:14:24.778,19.220,-1.0000,0.097752,33
2026-04-05 23:14:24.819,19.240,-1.0000,0.107527,38
2026-04-05 23:14:24.827,19.260,-1.0000,0.136852,45
2026-04-05 23:14:24.848,19.280,-1.0000,0.175953,49
2026-04-05 23:14:24.876,19.300,-1.0000,0.136852,45
2026-04-05 23:14:24.880,19.320,-1.0000,0.097752,33
2026-04-05 23:14:24.898,19.340,-1.0000,0.102639,36
2026-04-05 23:14:24.933,19.360,-1.0000,0.146628,48
2026-04-05 23:14:24.945,19.380,-1.0000,0.171065,51
2026-04-05 23:14:24.960,19.400,-1.0000,0.131965,45
2026-04-05 23:14:24.982,19.420,-1.0000,0.092864,33
2026-04-05 23:14:24.995,19.440,-1.0000,0.107527,36
2026-04-05 23:14:25.038,19.460,-1.0000,0.131965,44
2026-04-05 23:14:25.039,19.480,-1.0000,0.175953,52
2026-04-05 23:14:25.062,19.500,-1.0000,0.141740,45
2026-04-05 23:14:25.085,19.520,-1.0000,0.092864,33
2026-04-05 23:14:25.098,19.540,-1.0000,0.112414,37
2026-04-05 23:14:25.133,19.560,-1.0000,0.146628,47
2026-04-05 23:14:25.141,19.580,-1.0000,0.166178,51
2026-04-05 23:14:25.162,19.600,-1.0000,0.141740,44
2026-04-05 23:14:25.190,19.620,-1.0000,0.087977,33
2026-04-05 23:14:25.200,19.640,-1.0000,0.102639,36
2026-04-05 23:14:25.242,19.660,-1.0000,0.156403,49
2026-04-05 23:14:25.242,19.680,-1.0000,0.166178,51
2026-04-05 23:14:25.278,19.700,-1.0000,0.127077,44
2026-04-05 23:14:25.292,19.720,-1.0000,0.087977,32
2026-04-05 23:14:25.300,19.740,-1.0000,0.112414,37
2026-04-05 23:14:25.319,19.760,-1.0000,0.141740,45
2026-04-05 23:14:25.345,19.780,-1.0000,0.171065,51
2026-04-05 23:14:25.369,19.800,-1.0000,0.131965,44
2026-04-05 23:14:25.392,19.820,-1.0000,0.092864,33
2026-04-05 23:14:25.402,19.840,-1.0000,0.102639,36
2026-04-05 23:14:25.419,19.860,-1.0000,0.156403,51
2026-04-05 23:14:25.447,19.880,-1.0000,0.166178,49
2026-04-05 23:14:25.474,19.900,-1.0000,0.131965,44
2026-04-05 23:14:25.497,19.920,-1.0000,0.087977,34
2026-04-05 23:14:25.504,19.940,-1.0000,0.102639,37
2026-04-05 23:14:25.516,19.960,-1.0000,0.156403,49
2026-04-05 23:14:25.554,19.980,-1.0000,0.161290,51
2026-04-05 23:14:25.582,20.000,-1.0000,0.131965,41
2026-04-05 23:14:25.584,20.020,-1.0000,0.087977,31
2026-04-05 23:14:25.608,20.040,-1.0000,0.102639,37
2026-04-05 23:14:25.611,20.060,-1.0000,0.141740,46
2026-04-05 23:14:25.656,20.080,-1.0000,0.166178,47
2026-04-05 23:14:25.668,20.100,-1.0000,0.136852,43
2026-04-05 23:14:25.682,20.120,-1.0000,0.087977,32
2026-04-05 23:14:25.702,20.140,-1.0000,0.112414,36
2026-04-05 23:14:25.717,20.160,-1.0000,0.156403,48
2026-04-05 23:14:25.758,20.180,-1.0000,0.161290,51
2026-04-05 23:14:25.758,20.200,-1.0000,0.136852,43
2026-04-05 23:14:25.780,20.220,-1.0000,0.087977,33
2026-04-05 23:14:25.802,20.240,-1.0000,0.112414,37
2026-04-05 23:14:25.819,20.260,-1.0000,0.161290,47
2026-04-05 23:14:25.860,20.280,-1.0000,0.161290,50
2026-04-05 23:14:25.863,20.300,-1.0000,0.136852,42
2026-04-05 23:14:25.888,20.320,-1.0000,0.087977,33
2026-04-05 23:14:25.900,20.340,-1.0000,0.112414,38
2026-04-05 23:14:25.918,20.360,-1.0000,0.151515,48
2026-04-05 23:14:25.939,20.380,-1.0000,0.161290,50
2026-04-05 23:14:25.965,20.400,-1.0000,0.131965,42
